text,image,featured
"Bikol is a family of related languages spoken across southeastern Luzon. Linguists treat it as a cluster, not a single standardized tongue, because its members differ in sound systems, grammar, and core vocabulary.

This explains why Bikol can sound familiar yet foreign from town to town. What unites them is shared ancestry, not uniform form.",,
"Scholars commonly group Bikol into Coastal, Inland, Rinconada, Pandan, and smaller subgroups. These branches reflect deep historical sound changes rather than modern political borders.

As a result, two nearby provinces may speak different branches, while distant areas may share closer linguistic ties.",,
"Central Bikol is the most widely spoken variety in much of the Bicol Region. It gained prominence through population centers, trade routes, and later, radio and print.

Because of this reach, Central Bikol often functions as a regional bridge language, even among speakers of other Bikol varieties.",,
"Some Bikol languages retain sounds and word forms close to those reconstructed for Proto-Austronesian. These include consonant distinctions and vowel patterns lost in Tagalog.

For linguists, Bikol offers a window into earlier stages of Philippine languages and long-term sound change.",,
"In many Bikol varieties, the glottal stop is phonemic and meaning-changing. A slight pause or catch in the throat can separate one word from another.

This makes careful pronunciation important, especially in formal speech and oral literature.",,
"Centuries of Spanish contact left clear marks on Bikol vocabulary, especially in religion, governance, food, and material culture. Loanwords are common and fully integrated.

Yet Bikol grammar remains Austronesian at its core, with native verb focus systems and sentence patterns intact.",,
"Reduplication is a powerful grammatical tool. Bikol uses reduplication to express repetition, intensity, duration, and plurality. This is not stylistic flair but a central grammatical mechanism.

Through reduplication, Bikol can convey fine shades of meaning with compact forms.",,
"A speaker from Legazpi may follow nearby Coastal Bikol with ease but struggle with Rinconada or Pandan Bikol. Differences in sound shifts and vocabulary accumulate quickly.

This uneven intelligibility is one reason many Bikol speakers switch registers or adjust speech when traveling.",,
"Bikol communities maintain chants, riddles, ritual speech, and poetic forms passed down orally. These genres preserve rare words and older expressions.

Much of this tradition remains undocumented, living in performance rather than print.",,
"Despite limited formal use in schools, Bikol thrives in homes, markets, radio programs, sermons, and local writing. Children still acquire it as a first language in many areas.

Its strength lies in everyday use, not official policy, ensuring its continuity across generations.",,
